fname,lname,phone
Forrest,Jakubovski,9719770702
Thomasin,Quadling,5994222458
Kelcy,Greig,1917905461
Thadeus,Drever,5088095412
Linnet,Fieldsend,1121717499
Prescott,Jansik,7591440035
Marty,Culter,9044429250
Sarine,Mayston,1027410284
Melicent,Tumbridge,7485772385
Paco,Whalley,7283812435
Hobart,Fumagallo,6609772687
Lynde,Pearde,2138452308
Buddie,Slowgrave,5204680630
Gertrude,Vautre,6852990081
Reggy,Blasius,2852721215
Meg,Bussons,6223744146
Antoni,Teall,8997313422
Melly,Speere,3332004726
Daisie,Wooddisse,2338089349
Zeke,Goburn,7732542636
Diane,Gocke,6098372466
Tabor,Ibarra,7617783699
Carmelita,Frango,9147738080
Edmund,Cossem,2809389455
Maxwell,Lucio,7546878064
Morten,Glowinski,6167079347
Travers,Osban,7187131172
Farah,Curlis,2707471726
Sherline,Burchett,9885767082
Renee,Bevans,7781325286
Harwilll,Ashleigh,5311208651
Leeann,Vigurs,3191215948
Agna,Stockau,4109680019
Verene,Bricksey,2952963961
Kenon,Cutcliffe,7786666097
Arman,McKibbin,2292877434
Letitia,Pointer,6867946368
Sherwynd,Tomich,6139108838
Alphard,Garfirth,6054700711
Denver,Murphy,3649905716
Parke,Treleven,2789566408
Esmeralda,Ollie,6076629416
Benetta,Colleton,6552736670
Damaris,Axcel,9738671604
Paloma,Sollom,8579571548
Claude,Keer,7089039518
Godard,Detoile,5984327411
Danyette,Simon,6052057109
Tybalt,Parnham,8506080982
Brandie,Johnsson,3155803030
Angil,Thorne,7583315202
Desdemona,Shakshaft,4917115213
Merla,Wisher,4318328283
Giacobo,Earwaker,4342145568
Avril,Terram,6684419422
Liuka,Josiah,6193752382
Armstrong,Brammar,9477379244
Tracie,Dufty,3442682847
Vyky,Abelovitz,8595267425
Caresse,Spurling,5836390702
Olimpia,Mawdsley,9152830316
Darryl,Kidman,1268482546
Ethelyn,Egger,6265288238
Merwyn,Maypes,2694353526
Corine,Pinnion,7095957303
Irene,Boyce,1141761118
Doe,Wannop,9248843869
Sal,Faughey,7043787154
Stefanie,Snoxall,7785792658
Woodman,Brusin,6039633614
Anthea,Childes,7258661532
Gaby,Pymar,9493342848
Wilhelmina,Gargett,2606579223
Gerrard,Eyre,2509521066
Archer,Volet,4016668367
Vilma,Fried,7601122261
Darcy,Copeland,1563001574
Brien,Clues,9638672908
Ibrahim,Christofle,8894640820
Yasmeen,Spriggs,1879052443
Vite,Celez,5744686110
Jayson,Yglesias,8022745981
Chris,Awty,7572522432
Clarabelle,Ruberry,4499654385
Jaquenetta,Atger,3307967358
Buffy,Bonnar,3367540961
Dulce,Addis,6234425248
Odelinda,Edgington,7945362043
Damita,Sanpher,9141860044
Kessiah,Jordon,3653573504
Ethelin,Jura,1782450803
Addie,Ruske,5393141349
Hanson,Halwood,4564635554
Jamesy,Ege,2778715997
Danyelle,Muston,2295418623
Pris,Bodesson,8127414121
Codi,Gannon,6777188249
Killie,Cundy,9054244142
Bordy,Kirimaa,5146183512
Cassandry,Orme,3721821505
